@dhanush_chow3,@B_RAJA_,65
@dhanush_chow3,@dhanushkraja,1828
@dhanush_chow3,@VetriMaaran,35
@dhanush_chow3,@Cuddalore_DFC,13
@dhanush_chow3,@DirectorS_Shiva,38
@dhanush_chow3,@Dhanush_Trends,27
@dhanush_chow3,@gvprakash,41
@dhanush_chow3,@theVcreations,59
@dhanush_chow3,#1YearOfBBAsuran,1979
@Nellaipandi353,@B_RAJA_,6
@Nellaipandi353,@theVcreations,13
@Nellaipandi353,#1YearOfBBAsuran,1427
@Nellaipandi353,@Kamaraj_Dfc,5
@Nellaipandi353,@gvprakash,18
@Nellaipandi353,@dhanushkraja,1706
@Nellaipandi353,@VetriMaaran,104
@Kamaraj_Dfc,@B_RAJA_,11
@Kamaraj_Dfc,#1YearOfBBAsuran,1197
@Kamaraj_Dfc,@gvprakash,24
@Kamaraj_Dfc,@dhanushkraja,1506
@Kamaraj_Dfc,@VetriMaaran,51
#அசுரன்,#PollachiDFC,10
#அசுரன்,#TNDFC,23
#அசுரன்,#JagameThandhiram,1264
#அசுரன்,#Asuran,10
#அசுரன்,#1YearOfBBAsuran,383
#அசுரன்,#Dhanush,10
#அசுரன்,#1yearOfBBAsuran,1251
@gvprakash,@B_RAJA_,63
@gvprakash,@Cuddalore_DFC,42
@gvprakash,#1YearOfBBAsuran,1294
@gvprakash,@DirectorS_Shiva,47
@gvprakash,@Dhanush_Trends,104
@gvprakash,@dhanushkraja,1839
@gvprakash,@VetriMaaran,1207
@gvprakash,@theVcreations,1218
#karnan,#Asuran,1
#karnan,#1YearOfBBAsuran,92
#karnan,#1yearOfBBAsuran,8
#karnan,#JagameThandhiram,115
#JagameThandhiram,#Master,150
#JagameThandhiram,#TNDFC,885
#JagameThandhiram,#1YearOfAsuran,67
#JagameThandhiram,#Asuran,1676
#JagameThandhiram,#1YearOfBBAsuran,17178
#JagameThandhiram,#PollachiDFC,443
#JagameThandhiram,#MrDhanush,152
#JagameThandhiram,#Dhanush,1080
#JagameThandhiram,#Karnan,1052
#JagameThandhiram,#1yearOfBBAsuran,13380
#1YearOfAsuran,#Asuran,87
#1YearOfAsuran,#Karnan,9
#1YearOfAsuran,#1YearOfBBAsuran,203
#1YearOfAsuran,#Dhanush,51
#1yearOfBBAsuran,#Master,43
#1yearOfBBAsuran,#TNDFC,360
#1yearOfBBAsuran,#Asuran,722
#1yearOfBBAsuran,#PollachiDFC,18
#1yearOfBBAsuran,#MrDhanush,5
#1yearOfBBAsuran,#Karnan,55
#1yearOfBBAsuran,#Dhanush,134
#1yearOfBBAsuran,#1YearOfBBAsuran,224
#Karnan,#Master,9
#Karnan,#TNDFC,2
#Karnan,#Asuran,218
#Karnan,#1YearOfBBAsuran,808
#Karnan,#Dhanush,31
@dhanushkraja,@B_RAJA_,2542
@dhanushkraja,@Cuddalore_DFC,2264
@dhanushkraja,@dhanush__appu,2399
@dhanushkraja,@DirectorS_Shiva,1111
@dhanushkraja,@Dhanush_Trends,2994
@dhanushkraja,@theVcreations,1373
@dhanushkraja,@VetriMaaran,3048
@dhanushkraja,#1YearOfBBAsuran,12425
#1YearOfBBAsuran,@VetriMaaran,2298
#1YearOfBBAsuran,@theVcreations,1158
#1YearOfBBAsuran,#Master,389
#1YearOfBBAsuran,#Asuran,2775
#1YearOfBBAsuran,@dhanush__appu,1548
#1YearOfBBAsuran,#MrDhanush,167
#1YearOfBBAsuran,@DirectorS_Shiva,1250
#1YearOfBBAsuran,#Dhanush,1433
#1YearOfBBAsuran,@Dhanush_Trends,3632
#1YearOfBBAsuran,@B_RAJA_,2979
#1YearOfBBAsuran,#PollachiDFC,426
#1YearOfBBAsuran,#TNDFC,561
#1YearOfBBAsuran,@Cuddalore_DFC,1463
#Asuran,#PollachiDFC,3
#Asuran,#TNDFC,33
#Asuran,#MrDhanush,2
#Asuran,#Dhanush,637
@dhanush__appu,@VetriMaaran,82
@dhanush__appu,@theVcreations,7
@DirectorS_Shiva,@B_RAJA_,489
@DirectorS_Shiva,@theVcreations,29
@DirectorS_Shiva,@VetriMaaran,100
#Dhanush,#TNDFC,7
@Dhanush_Trends,@theVcreations,155
@Dhanush_Trends,@VetriMaaran,239
@VetriMaaran,@B_RAJA_,161
@VetriMaaran,@Cuddalore_DFC,73
@VetriMaaran,@theVcreations,885
@theVcreations,@Cuddalore_DFC,27
