@viralbhayani77,@sidharth_shukla,2
@viralbhayani77,#BiggBoss14,955
@viralbhayani77,@ColorsTV,953
@AmitShah,@HMOIndia,797
@AmitShah,@PMOIndia,1346
@AmitShah,@narendramodi,1466
@ColorsTV,#BiggBoss14,1560
@ColorsTV,@BollySpy,48
@ColorsTV,@ishehnaaz_gill,116
@ColorsTV,@jasminbhasin,142
@ColorsTV,@sidharth_shukla,901
@ColorsTV,@IamSinghaniya,1
@ColorsTV,@ZoomTV,1
@ColorsTV,@BeingSalmanKhan,911
@ColorsTV,@VootSelect,54
@kamaalrkhan,#BiggBoss14,1162
@kamaalrkhan,@BeingSalmanKhan,8
@UPRVPAS,@CMOfficeUP,1035
@UPRVPAS,@UppclChairman,588
@UPRVPAS,@myogiadityanath,1378
@UPRVPAS,@UPRVPAS_VNS,67
@UPRVPAS,@ChiefSecyUP,869
@UPRVPAS,@narendramodi,934
@UPRVPAS,@UPPCLLKO,722
@UPRVPAS,@RajKSinghIndia,885
#BB14,#ShehnaazGill,152
#BB14,#HinaKhan,268
#BB14,#BiggBoss14,3044
#BB14,#KingSidharthShuklaIsBack,272
#BB14,#BiggBoss2020,2549
#BB14,#BiggBoss,602
#BB14,#SidharthShukla,898
#BB14,#sidharthshukla,474
#BB14,#viralbhayani,487
#BB14,#SalmanKhan,215
#BB14,#JasminBhasin,222
#BB14,#BB14GrandPremiere,1142
@UPPCLLKO,@CMOfficeUP,829
@UPPCLLKO,@UppclChairman,811
@UPPCLLKO,@myogiadityanath,835
@UPPCLLKO,@UPRVPAS_VNS,56
@UPPCLLKO,@ChiefSecyUP,824
@UPPCLLKO,@narendramodi,1118
@UPPCLLKO,@RajKSinghIndia,838
#HinaKhan,#BB14GrandPremiere,162
#HinaKhan,#SalmanKhan,39
#HinaKhan,#BiggBoss,52
#HinaKhan,#SidharthShukla,637
#HinaKhan,#BiggBoss2020,176
#HinaKhan,#JasminBhasin,80
#HinaKhan,#BiggBoss14,528
#BiggBoss14,#KingSidharthShuklaIsBack,938
#BiggBoss14,#BB14GrandPremiere,1409
#BiggBoss14,#BiggBoss2020,3094
#BiggBoss14,#SidharthShukla,2030
#BiggBoss14,@ishehnaaz_gill,531
#BiggBoss14,@jasminbhasin,278
#BiggBoss14,@IamSinghaniya,331
#BiggBoss14,#JasminBhasin,568
#BiggBoss14,@ZoomTV,464
#BiggBoss14,@BeingSalmanKhan,1418
#BiggBoss14,#ShehnaazGill,527
#BiggBoss14,#SalmanKhan,765
#BiggBoss14,@sidharth_shukla,1041
#BiggBoss14,@BollySpy,300
#BiggBoss14,@Koimoi,371
#BiggBoss14,#viralbhayani,487
#BiggBoss14,#BiggBoss,761
#BiggBoss14,#sidharthshukla,474
#BiggBoss14,@VootSelect,281
#BiggBoss2020,#ShehnaazGill,108
#BiggBoss2020,#BB14GrandPremiere,995
#BiggBoss2020,#KingSidharthShuklaIsBack,254
#BiggBoss2020,#viralbhayani,487
#BiggBoss2020,#BiggBoss,395
#BiggBoss2020,#SidharthShukla,760
#BiggBoss2020,#sidharthshukla,474
#BiggBoss2020,#SalmanKhan,260
#BiggBoss2020,#JasminBhasin,256
#KingSidharthShuklaIsBack,#BB14GrandPremiere,54
#KingSidharthShuklaIsBack,#sidharthshukla,3
#KingSidharthShuklaIsBack,#SidharthShukla,800
#KingSidharthShuklaIsBack,#JasminBhasin,53
#SidharthShukla,#ShehnaazGill,142
#SidharthShukla,#BB14GrandPremiere,238
#SidharthShukla,#BiggBoss,140
#SidharthShukla,#sidharthshukla,13
#SidharthShukla,#SalmanKhan,194
#SidharthShukla,#JasminBhasin,250
@ishehnaaz_gill,@Koimoi,166
@ishehnaaz_gill,@sidharth_shukla,175
@ishehnaaz_gill,@ZoomTV,302
@ishehnaaz_gill,@BollySpy,30
@ChiefSecyUP,@CMOfficeUP,10563
@ChiefSecyUP,@UppclChairman,1422
@ChiefSecyUP,@myogiadityanath,10801
@ChiefSecyUP,@UPRVPAS_Agra,581
@ChiefSecyUP,@UPRVPAS_VNS,1043
@ChiefSecyUP,@narendramodi,10960
@ChiefSecyUP,@RajKSinghIndia,10588
#SalmanKhan,#BiggBoss,130
#SalmanKhan,#JasminBhasin,48
#SalmanKhan,#BB14GrandPremiere,58
@jasminbhasin,@Koimoi,1
@jasminbhasin,@sidharth_shukla,70
@jasminbhasin,@BeingSalmanKhan,39
@jasminbhasin,@VootSelect,15
@IamSinghaniya,@sidharth_shukla,50
#JasminBhasin,#BB14GrandPremiere,131
#JasminBhasin,#BiggBoss,43
@ZoomTV,@sidharth_shukla,170
@BeingSalmanKhan,@Koimoi,2
@BeingSalmanKhan,@sidharth_shukla,196
@BeingSalmanKhan,@VootSelect,42
@CMOfficeUP,@UppclChairman,1445
@CMOfficeUP,@myogiadityanath,14025
@CMOfficeUP,@UPRVPAS_Agra,589
@CMOfficeUP,@UPRVPAS_VNS,1056
@CMOfficeUP,@narendramodi,11043
@CMOfficeUP,@RajKSinghIndia,10926
@BollySpy,@sidharth_shukla,55
@PMOIndia,@HMOIndia,1245
@PMOIndia,@narendramodi,1622
@PMOIndia,@myogiadityanath,223
@UPRVPAS_VNS,@UppclChairman,66
@UPRVPAS_VNS,@myogiadityanath,1371
@UPRVPAS_VNS,@UPRVPAS_Agra,63
@UPRVPAS_VNS,@narendramodi,1067
@UPRVPAS_VNS,@RajKSinghIndia,1042
@sidharth_shukla,@Koimoi,135
@sidharth_shukla,@VootSelect,20
@narendramodi,@HMOIndia,633
@narendramodi,@UppclChairman,1488
@narendramodi,@myogiadityanath,11117
@narendramodi,@UPRVPAS_Agra,608
@narendramodi,@RajKSinghIndia,10446
@RajKSinghIndia,@UppclChairman,1729
@RajKSinghIndia,@myogiadityanath,10800
@RajKSinghIndia,@UPRVPAS_Agra,595
#BB14GrandPremiere,#BiggBoss,102
@UppclChairman,@myogiadityanath,1441
@myogiadityanath,@UPRVPAS_Agra,747
#viralbhayani,#sidharthshukla,471
