#NagornoKarabakh,#StopErdogan,2354
#NagornoKarabakh,#StopTurkey,2100
#NagornoKarabakh,#Azerbaijan,8940
#NagornoKarabakh,#StopAzerbaijaniAggression,5328
#NagornoKarabakh,#StopAliyev,3780
#NagornoKarabakh,#Arstakh,549
#NagornoKarabakh,#Artsakh,3912
#NagornoKarabakh,#Karabakh,1155
#NagornoKarabakh,#Baku,13
#NagornoKarabakh,#ArtsakhStrong,6888
#NagornoKarabakh,#NKpeace,3732
#NagornoKarabakh,#Armenian,252
#NagornoKarabakh,#Armenia,8018
#NagornoKarabakh,#Turkey,6912
#NagornoKarabakh,#Stepanakert,3072
#StopErdogan,#StopTurkey,3768
#StopErdogan,#Artsakh,1224
#StopErdogan,#Martakert,52
#StopErdogan,#StopAzerbaijaniAggression,7776
#StopErdogan,#StopAliyev,6480
#StopErdogan,#Azerbaijan,2100
#StopErdogan,#Karabakh,306
#StopErdogan,#ArtsakhStrong,6852
#StopErdogan,#NKpeace,1536
#StopErdogan,#Armenia,3336
#StopErdogan,#Turkey,2197
#StopErdogan,#Stepanakert,226
#StopTurkey,#Azerbaijan,1812
#StopTurkey,#Martakert,44
#StopTurkey,#StopAzerbaijaniAggression,9228
#StopTurkey,#StopAliyev,4788
#StopTurkey,#Artsakh,1740
#StopTurkey,#Baku,19
#StopTurkey,#ArtsakhStrong,5688
#StopTurkey,#NKpeace,1956
#StopTurkey,#Armenia,1944
#StopTurkey,#Turkey,2533
#Azerbaijan,#Syria,1636
#Azerbaijan,#Martakert,17376
#Azerbaijan,#StopAzerbaijaniAggression,11208
#Azerbaijan,#StopAliyev,5760
#Azerbaijan,#Arstakh,3216
#Azerbaijan,#Artsakh,19120
#Azerbaijan,#Karabakh,10791
#Azerbaijan,#Baku,2556
#Azerbaijan,#democracy,3324
#Azerbaijan,#Turkey,28585
#Azerbaijan,#dictatorship,3058
#Azerbaijan,#Israel,1417
#Azerbaijan,#Armenian,4304
#Azerbaijan,#Armenia,28899
#Azerbaijan,#ArtsakhStrong,11124
#Azerbaijan,#NKpeace,6458
#Azerbaijan,#Stepanakert,2134
#Martakert,#StopAzerbaijaniAggression,2151
#Martakert,#StopAliyev,498
#Martakert,#Artsakh,9732
#Martakert,#Karabakh,3220
#Martakert,#Baku,6408
#Martakert,#ArtsakhStrong,1120
#Martakert,#NKpeace,136
#Martakert,#Armenian,132
#Martakert,#Armenia,48
#Martakert,#Turkey,30
#StopAzerbaijaniAggression,#StopAliyev,14460
#StopAzerbaijaniAggression,#Arstakh,682
#StopAzerbaijaniAggression,#Artsakh,7512
#StopAzerbaijaniAggression,#Karabakh,3876
#StopAzerbaijaniAggression,#Baku,558
#StopAzerbaijaniAggression,#democracy,624
#StopAzerbaijaniAggression,#Turkey,9384
#StopAzerbaijaniAggression,#dictatorship,790
#StopAzerbaijaniAggression,#ArtsakhStrong,22860
#StopAzerbaijaniAggression,#Armenian,759
#StopAzerbaijaniAggression,#Armenia,12456
#StopAzerbaijaniAggression,#NKpeace,7970
#StopAzerbaijaniAggression,#Stepanakert,1440
#StopAliyev,#Arstakh,708
#StopAliyev,#Artsakh,3528
#StopAliyev,#Karabakh,3612
#StopAliyev,#Baku,168
#StopAliyev,#ArtsakhStrong,12204
#StopAliyev,#NKpeace,7645
#StopAliyev,#Armenia,5124
#StopAliyev,#Turkey,4524
#StopAliyev,#Stepanakert,1164
#Arstakh,#Karabakh,627
#Arstakh,#ArtsakhStrong,1356
#Arstakh,#NKpeace,1332
#Arstakh,#Armenia,804
#Arstakh,#Turkey,684
#Arstakh,#Stepanakert,672
#democracy,#dictatorship,3360
#democracy,#NKpeace,252
#democracy,#ArtsakhStrong,630
#democracy,#Armenia,693
#democracy,#Turkey,3367
#Artsakh,#Syria,1476
#Artsakh,#Karabakh,4729
#Artsakh,#Baku,1849
#Artsakh,#ArtsakhStrong,6276
#Artsakh,#NKpeace,3577
#Artsakh,#Armenian,1356
#Artsakh,#Armenia,11101
#Artsakh,#Turkey,8125
#Artsakh,#Stepanakert,1008
#Israel,#Armenia,83
#Israel,#Turkey,1717
#Karabakh,#Syria,135
#Karabakh,#ArtsakhStrong,5460
#Karabakh,#NKpeace,4849
#Karabakh,#Armenia,4197
#Karabakh,#Turkey,2831
#Karabakh,#Stepanakert,804
#Baku,#ArtsakhStrong,39
#Baku,#Armenia,12
#Baku,#Turkey,66
#Syria,#Armenia,1224
#Syria,#Turkey,3856
#ArtsakhStrong,#dictatorship,490
#ArtsakhStrong,#NKpeace,12420
#ArtsakhStrong,#Armenian,142
#ArtsakhStrong,#Armenia,12600
#ArtsakhStrong,#Turkey,7776
#ArtsakhStrong,#Stepanakert,3828
#dictatorship,#NKpeace,315
#dictatorship,#Armenia,616
#dictatorship,#Turkey,3372
#NKpeace,#Armenian,180
#NKpeace,#Armenia,6013
#NKpeace,#Turkey,4513
#NKpeace,#Stepanakert,1440
#Armenian,#Armenia,1309
#Armenian,#Turkey,1413
#Armenia,#Turkey,23545
#Armenia,#Stepanakert,2988
#Turkey,#Stepanakert,1404
