#StopErdogan,#NagornoKarabakh,2354
#StopErdogan,#StopTurkey,3768
#StopErdogan,#Artsakh,1224
#StopErdogan,#Martakert,52
#StopErdogan,#StopAzerbaijaniAggression,7776
#StopErdogan,#StopAliyev,6480
#StopErdogan,#Azerbaijan,2100
#StopErdogan,#Karabakh,306
#StopErdogan,#ArtsakhStrong,6852
#StopErdogan,#NKpeace,1536
#StopErdogan,#Armenia,3336
#StopErdogan,#Turkey,2197
#StopErdogan,#Stepanakert,226
#Syria,#Azerbaijan,1636
#Syria,#Artsakh,1476
#Syria,#Armenia,1224
#Syria,#Turkey,3856
#Syria,#Karabakh,135
@mfankr,@armenia,1
@mfankr,#Azerbaijan,630
@wwwmodgovaz,#Azerbaijan,801
@Kornelij,#Azerbaijan,246
@armenia,@ArmenianUnified,14
@armenia,@ShStepanyan,8
@armenia,#Azerbaijan,200
@armenia,@drapr007,2
#Armenia,#NagornoKarabakh,8018
#Armenia,#StopTurkey,1944
#Armenia,#Martakert,48
#Armenia,#StopAzerbaijaniAggression,12456
#Armenia,#StopAliyev,5124
#Armenia,#Arstakh,804
#Armenia,#Artsakh,11101
#Armenia,#Karabakh,4197
#Armenia,#Baku,12
#Armenia,#democracy,693
#Armenia,#dictatorship,616
#Armenia,#Israel,83
#Armenia,#Armenian,1309
#Armenia,#Azerbaijan,28899
#Armenia,#NKpeace,6013
#Armenia,#ArtsakhStrong,12600
#Armenia,#Turkey,23545
#Armenia,#Stepanakert,2988
@razminfo,@ArmenianUnified,1
@razminfo,@ShStepanyan,5
@razminfo,#Azerbaijan,408
#NagornoKarabakh,#StopTurkey,2100
#NagornoKarabakh,#Azerbaijan,8940
#NagornoKarabakh,#StopAzerbaijaniAggression,5328
#NagornoKarabakh,#StopAliyev,3780
#NagornoKarabakh,#Arstakh,549
#NagornoKarabakh,#Artsakh,3912
#NagornoKarabakh,#Karabakh,1155
#NagornoKarabakh,#Baku,13
#NagornoKarabakh,#ArtsakhStrong,6888
#NagornoKarabakh,#NKpeace,3732
#NagornoKarabakh,#Armenian,252
#NagornoKarabakh,#Turkey,6912
#NagornoKarabakh,#Stepanakert,3072
#Martakert,#StopTurkey,44
#Martakert,#Azerbaijan,17376
#Martakert,#StopAzerbaijaniAggression,2151
#Martakert,#StopAliyev,498
#Martakert,#Artsakh,9732
#Martakert,#Karabakh,3220
#Martakert,#Baku,6408
#Martakert,#ArtsakhStrong,1120
#Martakert,#NKpeace,136
#Martakert,#Armenian,132
#Martakert,#Turkey,30
#StopAzerbaijaniAggression,#StopTurkey,9228
#StopAzerbaijaniAggression,#Azerbaijan,11208
#StopAzerbaijaniAggression,#StopAliyev,14460
#StopAzerbaijaniAggression,#Arstakh,682
#StopAzerbaijaniAggression,#Artsakh,7512
#StopAzerbaijaniAggression,#Karabakh,3876
#StopAzerbaijaniAggression,#Baku,558
#StopAzerbaijaniAggression,#democracy,624
#StopAzerbaijaniAggression,#Turkey,9384
#StopAzerbaijaniAggression,#dictatorship,790
#StopAzerbaijaniAggression,#ArtsakhStrong,22860
#StopAzerbaijaniAggression,#Armenian,759
#StopAzerbaijaniAggression,#NKpeace,7970
#StopAzerbaijaniAggression,#Stepanakert,1440
#Azerbaijan,@narecus,516
#Azerbaijan,@tcsavunma,2772
#Azerbaijan,@sharafyan_a,1020
#Azerbaijan,@ChrisBohjalian,150
#Azerbaijan,@armnewstoday,592
#Azerbaijan,@Pres_Artsakh,351
#Azerbaijan,@Hayrapetyan_M,224
#Azerbaijan,#Turkey,28585
#Azerbaijan,#dictatorship,3058
#Azerbaijan,#Israel,1417
#Azerbaijan,@algalitsky,559
#Azerbaijan,#StopAliyev,5760
#Azerbaijan,#Artsakh,19120
#Azerbaijan,#Baku,2556
#Azerbaijan,#democracy,3324
#Azerbaijan,@BabakTaghvaee1,143
#Azerbaijan,#Armenian,4304
#Azerbaijan,@FrankSchwabe,604
#Azerbaijan,@ArmenianUnified,430
#Azerbaijan,#StopTurkey,1812
#Azerbaijan,@SirushoOfficial,272
#Azerbaijan,#Arstakh,3216
#Azerbaijan,@ManeAdamian,231
#Azerbaijan,#Karabakh,10791
#Azerbaijan,#ArtsakhStrong,11124
#Azerbaijan,@drapr007,146
#Azerbaijan,#NKpeace,6458
#Azerbaijan,@ShStepanyan,499
#Azerbaijan,#Stepanakert,2134
@Pres_Artsakh,@ArmenianUnified,2
@Pres_Artsakh,@algalitsky,2
#Turkey,#StopTurkey,2533
#Turkey,#StopAliyev,4524
#Turkey,#Arstakh,684
#Turkey,#Artsakh,8125
#Turkey,#Karabakh,2831
#Turkey,#Baku,66
#Turkey,#democracy,3367
#Turkey,#dictatorship,3372
#Turkey,#Israel,1717
#Turkey,#Armenian,1413
#Turkey,#ArtsakhStrong,7776
#Turkey,#NKpeace,4513
#Turkey,#Stepanakert,1404
#dictatorship,#ArtsakhStrong,490
#dictatorship,#NKpeace,315
#dictatorship,#democracy,3360
#StopAliyev,#StopTurkey,4788
#StopAliyev,#Artsakh,3528
#StopAliyev,#Arstakh,708
#StopAliyev,#Karabakh,3612
#StopAliyev,#Baku,168
#StopAliyev,#ArtsakhStrong,12204
#StopAliyev,#NKpeace,7645
#StopAliyev,#Stepanakert,1164
#Artsakh,#StopTurkey,1740
#Artsakh,#Karabakh,4729
#Artsakh,#Baku,1849
#Artsakh,#ArtsakhStrong,6276
#Artsakh,#NKpeace,3577
#Artsakh,#Armenian,1356
#Artsakh,#Stepanakert,1008
#Baku,#StopTurkey,19
#Baku,#ArtsakhStrong,39
#NKpeace,#StopTurkey,1956
#NKpeace,#Arstakh,1332
#NKpeace,#Karabakh,4849
#NKpeace,#democracy,252
#NKpeace,#ArtsakhStrong,12420
#NKpeace,#Armenian,180
#NKpeace,#Stepanakert,1440
#Armenian,#ArtsakhStrong,142
@ArmenianUnified,@ShStepanyan,8
#StopTurkey,#ArtsakhStrong,5688
#Arstakh,#Karabakh,627
#Arstakh,#ArtsakhStrong,1356
#Arstakh,#Stepanakert,672
#Karabakh,#ArtsakhStrong,5460
#Karabakh,#Stepanakert,804
#ArtsakhStrong,#democracy,630
#ArtsakhStrong,#Stepanakert,3828
