#SARSCoV2,#COVID19,257
#SARSCoV2,#WearAMask,2
#SARSCoV2,#COVID,13
#SARSCoV2,#Coronavirus,11
#SARSCoV2,#Corona,15
#SARSCoV2,#coronavirus,30
#MAGA,#COVID,14
#MAGA,#FoxAndFriends,3929
#MAGA,#Walkaway,3408
#MAGA,#BobWoodward,4
#MAGA,#FillTheSeat,3227
#MAGA,#COVID19,1273
#MAGA,#RememberInNovember,3255
#MAGA,#FillTheVacancy,1688
#MAGA,#Military,22
#MAGA,#HeKnew,6
#MAGA,#TrumpVirus,48
#MAGA,#TrumpKnew,123
#MAGA,#Florida,16
#MAGA,#SundayThoughts,63
#MAGA,#WuhanVirus,2
#MAGA,#Ccot,2538
#MAGA,#Trump,302
#MAGA,#TrumpLiedPeopleDied,79
#MAGA,#KAG2020,2550
#MAGA,#HarrisAdministration,1170
#MAGA,#CNNSOTU,4971
#Veran,#Marseille,281
#Veran,#France,265
#Veran,#COVID19,273
#Veran,#COVID__19,1
#Veran,#reconfinement,275
#Veran,#rouge,265
#FillTheSeat,#FoxAndFriends,714
#FillTheSeat,#CNNSOTU,2301
#FillTheSeat,#COVID19,1988
#FillTheSeat,#RememberInNovember,1850
#FillTheSeat,#FillTheVacancy,2007
#FillTheSeat,#SundayThoughts,13
#FillTheSeat,#HarrisAdministration,390
#FillTheSeat,#Ccot,1171
#FillTheSeat,#Walkaway,2680
#FillTheSeat,#KAG2020,655
#FillTheSeat,#Trump,10
#Georgia,#COVID19,154
#Georgia,#COVID,31
#Georgia,#Texas,101
#Georgia,#Florida,110
#NEET,#COVID19,1098
#RememberInNovember,#TrumpLiedPeopleDied,2
#RememberInNovember,#FoxAndFriends,3611
#RememberInNovember,#CNNSOTU,3113
#RememberInNovember,#COVID19,3551
#RememberInNovember,#KAG2020,1446
#RememberInNovember,#FillTheVacancy,1568
#RememberInNovember,#SundayThoughts,16
#RememberInNovember,#TrumpKnew,4
#RememberInNovember,#HarrisAdministration,1156
#RememberInNovember,#Ccot,1213
#RememberInNovember,#Walkaway,1487
#RememberInNovember,#TrumpVirus,2
#FillTheVacancy,#FoxAndFriends,1669
#FillTheVacancy,#CNNSOTU,1568
#FillTheVacancy,#COVID19,477
#FillTheVacancy,#SundayThoughts,2
#FillTheVacancy,#HarrisAdministration,2
#FillTheVacancy,#Ccot,1366
#FillTheVacancy,#Walkaway,1770
#FillTheVacancy,#KAG2020,3
#FillTheVacancy,#Trump,2
#vaccine,#France,3
#vaccine,#COVID19,157
#vaccine,#China,28
#vaccine,#India,6
#vaccine,#COVID,27
#vaccine,#Coronavirus,4
#vaccine,#COVIDIDIOTS,3
#vaccine,#Corona,3
#vaccine,#mentalhealth,4
#vaccine,#coronavirus,18
#vaccine,#Trump,2
#Dynamite,#BTS,11986
#Dynamite,#BTSDynamite,3442
#Dynamite,#AGT,3
#Dynamite,#iHeartFestival2020,107
#Dynamite,#TheWeeknd,18
#Dynamite,#BTS_Dynamite,5350
#Dynamite,#방탄소년단,27
#Dynamite,#BTSARMY,77
#TrumpLiedPeopleDied,#BobWoodward,7
#TrumpLiedPeopleDied,#Florida,12
#TrumpLiedPeopleDied,#COVID19,520
#TrumpLiedPeopleDied,#HeKnew,857
#TrumpLiedPeopleDied,#TrumpKnew,18010
#TrumpLiedPeopleDied,#Trump,139
#TrumpLiedPeopleDied,#TrumpVirus,965
#BTS_Dynamite,#Suga,286
#BTS_Dynamite,#LouisTomlinson,284
#BTS_Dynamite,#BTS,9705
#BTS_Dynamite,#BTSDynamite,4198
#BTS_Dynamite,#Jin,284
#BTS_Dynamite,#BTSARMY,1252
#BTS_Dynamite,#Artistoftheyear,575
#BTS_Dynamite,#iHeartFestival2020,33
#BTS_Dynamite,#방탄소년단,37
#BTS_Dynamite,#Jhope,284
#TheWeeknd,#BTS,5859
#TheWeeknd,#Artistoftheyear,5645
#TheWeeknd,#ArianaGrande,5653
#SundayThoughts,#FoxAndFriends,6
#SundayThoughts,#CNNSOTU,119
#SundayThoughts,#SundayMotivation,7111
#SundayThoughts,#COVID19,1696
#SundayThoughts,#WearAMask,11
#SundayThoughts,#COVID,44
#SundayThoughts,#COVID__19,16
#SundayThoughts,#HarrisAdministration,16
#SundayThoughts,#COVIDIDIOTS,18
#SundayThoughts,#EdoDecides2020,46
#SundayThoughts,#Ccot,6
#SundayThoughts,#Walkaway,16
#SundayThoughts,#KAG2020,24
#SundayThoughts,#coronavirus,386
#SundayThoughts,#Trump,87
#EdoDecides2020,#COVID19,1345
#EdoDecides2020,#LayGlobal,642
#EdoDecides2020,#SundayMotivation,7
#Corona,#Spreading,452
#Corona,#COVID__19,376
#Corona,#COVID,48
#Corona,#COVID19,797
#Corona,#reconfinement,1
#Corona,#coronavirus,271
#Corona,#COVIDIDIOTS,18
#Corona,#AfD,429
#Corona,#Dessau,407
#Corona,#Coronavirus,128
#Corona,#Trump,252
#ArtistoftheSummer2020,#BTS,992
#ArtistoftheSummer2020,#LouisTomlinson,1
#Lab訳,#BTS,1519
#Lab訳,#방탄소년단,507
#coronavirus,#Florida,14
#coronavirus,#COVID,606
#coronavirus,#BobWoodward,93
#coronavirus,#SundayMotivation,59
#coronavirus,#COVID19,7463
#coronavirus,#reconfinement,13
#coronavirus,#COVIDIDIOTS,110
#coronavirus,#TrumpVirus,193
#coronavirus,#UK,112
#coronavirus,#Trump,148
#coronavirus,#COVID__19,347
#coronavirus,#TrumpKnew,562
#coronavirus,#Marseille,2
#coronavirus,#CNNSOTU,4
#coronavirus,#China,364
#coronavirus,#WearAMask,16
#coronavirus,#India,125
#coronavirus,#mentalhealth,147
#TrumpVirus,#BobWoodward,64
#TrumpVirus,#Florida,28
#TrumpVirus,#SundayMotivation,16
#TrumpVirus,#COVID__19,15
#TrumpVirus,#WearAMask,4
#TrumpVirus,#HeKnew,31
#TrumpVirus,#TrumpKnew,1807
#TrumpVirus,#COVID19,183
#TrumpVirus,#Texas,27
#TrumpVirus,#Trump,52
#TrumpVirus,#CNNSOTU,4
#Florida,#COVID19,172
#Florida,#COVID,12
#Florida,#Texas,356
#Florida,#Trump,25
#SundayMotivation,#CNNSOTU,16
#SundayMotivation,#COVID__19,14
#SundayMotivation,#WearAMask,4
#SundayMotivation,#COVID19,303
#COVID19,#France,283
#COVID19,#LayGlobal,488
#COVID19,#COVID,1293
#COVID19,#laestirpedeloslibres,220
#COVID19,#BobWoodward,153
#COVID19,#HeKnew,377
#COVID19,#Spreading,362
#COVID19,#reconfinement,425
#COVID19,#COVIDIDIOTS,162
#COVID19,#WuhanVirus,331
#COVID19,#NJ,278
#COVID19,#rouge,265
#COVID19,#Coronavirus,1641
#COVID19,#Military,163
#COVID19,#Marseille,287
#COVID19,#COVID__19,487
#COVID19,#KAG2020,1252
#COVID19,#TrumpKnew,3070
#COVID19,#Trump,976
#COVID19,#Texas,157
#COVID19,#HarrisAdministration,534
#COVID19,#Ccot,1384
#COVID19,#AfD,363
#COVID19,#FoxAndFriends,1998
#COVID19,#Walkaway,3106
#COVID19,#CNNSOTU,4159
#COVID19,#LTC,274
#COVID19,#UK,200
#COVID19,#China,1745
#COVID19,#WearAMask,188
#COVID19,#India,160
#COVID19,#Dessau,407
#COVID19,#mentalhealth,1022
#WearAMask,#France,6
#WearAMask,#COVID,3
#WearAMask,#COVID__19,13
#HeKnew,#BobWoodward,8
#HeKnew,#TrumpKnew,417
#HeKnew,#Trump,6
#Spreading,#AfD,407
#Spreading,#Dessau,407
#BigHit,#BTS,842
#reconfinement,#Marseille,273
#reconfinement,#COVID,3
#reconfinement,#COVID__19,9
#reconfinement,#rouge,265
#reconfinement,#France,265
#Jhope,#Suga,317
#Jhope,#BTS,1030
#Jhope,#Jin,407
#Jhope,#LouisTomlinson,284
#Jhope,#Artistoftheyear,548
#Jhope,#BTSARMY,285
#COVIDIDIOTS,#COVID,88
#COVIDIDIOTS,#COVID__19,102
#COVIDIDIOTS,#India,6
#COVIDIDIOTS,#mentalhealth,64
#COVIDIDIOTS,#UK,44
#COVIDIDIOTS,#Trump,5
#BTSDynamite,#BTS,4446
#BTSDynamite,#방탄소년단,3
#BTSDynamite,#BTSARMY,8
#WuhanVirus,#UK,2
#WuhanVirus,#China,4
#WuhanVirus,#Coronavirus,3
#Artistoftheyear,#Suga,593
#Artistoftheyear,#BTS,6361
#Artistoftheyear,#Jin,406
#Artistoftheyear,#LouisTomlinson,1849
#Artistoftheyear,#ArianaGrande,5660
#Artistoftheyear,#BTSARMY,620
#Walkaway,#FoxAndFriends,1812
#Walkaway,#CNNSOTU,3854
#Walkaway,#HarrisAdministration,775
#Walkaway,#Ccot,2236
#Walkaway,#KAG2020,650
#NJ,#mentalhealth,2
#NJ,#Trump,1
#rouge,#Marseille,265
#rouge,#France,265
#Coronavirus,#TrumpKnew,34
#Coronavirus,#BobWoodward,12
#Coronavirus,#China,19
#Coronavirus,#Military,17
#Coronavirus,#COVID,15
#Coronavirus,#COVID__19,194
#Coronavirus,#Trump,173
#Military,#China,25
#Military,#LTC,4
#Military,#mentalhealth,13
#Military,#Trump,30
#Army,#BTS,820
#Army,#iHeartFestival2020,7
#France,#Marseille,267
#France,#China,37
#France,#India,37
#France,#Texas,22
#France,#UK,140
#BobWoodward,#COVID,31
#BobWoodward,#TrumpKnew,204
#BobWoodward,#Trump,32
#Marseille,#COVID,2
#COVID__19,#COVID,127
#COVID__19,#mentalhealth,70
#COVID__19,#UK,81
#KAG2020,#FoxAndFriends,706
#KAG2020,#CNNSOTU,1647
#KAG2020,#HarrisAdministration,394
#KAG2020,#Ccot,632
#KAG2020,#Trump,30
#Suga,#BTS,794
#Suga,#Jin,311
#Suga,#iHeartFestival2020,1490
#Suga,#LouisTomlinson,284
#Suga,#BTSARMY,287
#iHeartFestival2020,#BTS,19453
#iHeartFestival2020,#AGT,1
#iHeartFestival2020,#방탄소년단,7
#iHeartFestival2020,#BTSARMY,39
#TrumpKnew,#COVID,271
#TrumpKnew,#HarrisAdministration,1
#TrumpKnew,#Trump,670
#HarrisAdministration,#FoxAndFriends,7
#HarrisAdministration,#CNNSOTU,1028
#HarrisAdministration,#Ccot,4
#HarrisAdministration,#Trump,1
#Ccot,#FoxAndFriends,3136
#Ccot,#CNNSOTU,4001
#AfD,#Dessau,365
#AfD,#Trump,33
#방탄소년단,#BTS,9645
#방탄소년단,#Jin,11
#방탄소년단,#BTSARMY,177
#BTSARMY,#LouisTomlinson,523
#BTSARMY,#BTS,6272
#BTSARMY,#Jin,287
#COVID,#UK,67
#COVID,#Trump,350
#COVID,#China,15
#COVID,#India,15
#COVID,#mentalhealth,140
#FoxAndFriends,#CNNSOTU,3858
#FoxAndFriends,#Trump,3
#mentalhealth,#UK,80
#CNNSOTU,#Trump,4
#BTS,#IU,7550
#BTS,#LouisTomlinson,1013
#BTS,#Jin,1102
#BTS,#AGT,1923
#BTS,#GlobalDigitalArtistRank,9303
#BTS,#ArianaGrande,5654
#UK,#China,35
#UK,#India,34
#Jin,#LouisTomlinson,284
#India,#China,3264
#Trump,#China,199
