#SavageLoveRemix,#BTSonFallon_D5,5
#SavageLoveRemix,#BTSonFallon_D4,6
#SavageLoveRemix,#TheAlbum,6
#SavageLoveRemix,#ARMY,6
#SavageLoveRemix,#ThankYouBTS,2
#SavageLoveRemix,#BTSWEEK,14
#SavageLoveRemix,#Dynamite,39
#SavageLoveRemix,#TheGroup,31
#SavageLoveRemix,#BTS,45
#SavageLoveRemix,#TrumpHasCovid,19
#SavageLoveRemix,#방탄소년단,3
#SavageLoveRemix,#PCAs,51
@btsvotingunite,@btsvotingorg,12
@btsvotingunite,#PCAs,1975
@btsvotingunite,@bts_bighit,20
@btsvotingunite,@BTS_twt,1309
@ArianaGrande,@selenagomez,25
@ArianaGrande,@taylorswift13,101
@ArianaGrande,#PCAs,1384
@ArianaGrande,@peopleschoice,520
#ThankYouBTS,#BTSonFallon_D5,13
#ThankYouBTS,#TheGroup,10
#ThankYouBTS,#ARMY,1
#ThankYouBTS,#BTSMONTH,2
#ThankYouBTS,#BTS,9
#ThankYouBTS,#BTSonFallon,1
#ThankYouBTS,#Dynamite,1
#ThankYouBTS,#BTSWEEK,21
#ThankYouBTS,#ThankYouChimmyFallon,19
#ThankYouBTS,#ThankYouTonightShow,25
#ThankYouBTS,#ThankyouChimmyFallon,1
#ThankYouBTS,#방탄소년단,2
#ThankYouBTS,#PCAs,10
@bts_bighit,@btsvotingorg,68
@bts_bighit,@BTS_twt,2054
@bts_bighit,@mygtrivias,17
@bts_bighit,@ibighitfess,14
@bts_bighit,@BagelBites,12
@bts_bighit,@peopleschoice,410
@bts_bighit,@V0TEWITHARMY,9
@bts_bighit,#PCAs,1520
@bts_bighit,@BillboardBTS20,26
#Dynamite,#BTSonFallon_D5,66
#Dynamite,#BTSWEEK,105
#Dynamite,#TheAlbum,355
#Dynamite,#ARMY,18
#Dynamite,#BTS,2083
#Dynamite,#TheMusicVideo,12850
#Dynamite,#BTSMONTH,49
#Dynamite,#BTSWEEK_D5,3
#Dynamite,#TheGroup,1308
#Dynamite,#BTS_Dynamite,42
#Dynamite,#TheSong,12638
#Dynamite,#ThankYouTonightShow,15
#Dynamite,#방탄소년단,8
#Dynamite,#BTSonFallon,1
#Dynamite,#PCAs,15055
#Dynamite,#BTSARMY,15
@mygtrivias,@BTS_twt,14030
@mygtrivias,#PCAs,10743
#BTS_Dynamite,#BTSonFallon_D5,125
#BTS_Dynamite,#TheGroup,34
#BTS_Dynamite,#ARMY,9
#BTS_Dynamite,#BTSonFallon_D3,1
#BTS_Dynamite,#BTSMONTH,107
#BTS_Dynamite,#BTS,68
#BTS_Dynamite,#BTSWEEK_D5,4
#BTS_Dynamite,#BTSWEEK,24940
#BTS_Dynamite,#TheSong,36
#BTS_Dynamite,#ThankYouTonightShow,9
#BTS_Dynamite,#ThankYouChimmyFallon,3
#BTS_Dynamite,#방탄소년단,5
#BTS_Dynamite,#TheMusicVideo,7
#BTS_Dynamite,#PCAs,74
#BTS_Dynamite,#BTSARMY,39
@CNCOmusic,#PCAs,2431
@CNCOmusic,@BLACKPINK,57
@CNCOmusic,@BTS_twt,282
@CNCOmusic,@peopleschoice,555
#ThankYouTonightShow,#BTSonFallon_D5,156
#ThankYouTonightShow,#TheGroup,24
#ThankYouTonightShow,#ThankyouChimmyFallon,62
#ThankYouTonightShow,#BTS,33
#ThankYouTonightShow,#BTSMONTH,135
#ThankYouTonightShow,#BTSWEEK_D5,5
#ThankYouTonightShow,#BTSWEEK,191
#ThankYouTonightShow,#TheNighttimeTalkShow,38
#ThankYouTonightShow,#TrumpHasCovid,15
#ThankYouTonightShow,#ThankYouChimmyFallon,131
#ThankYouTonightShow,#BTSonFallon,2
#ThankYouTonightShow,#PCAs,78
#ThankYouTonightShow,#TonightShow,29
#ThankyouChimmyFallon,#BTSonFallon_D5,32
#ThankyouChimmyFallon,#TrumpHasCovid,4
#ThankyouChimmyFallon,#BTSMONTH,7
#ThankyouChimmyFallon,#BTS,3
#ThankyouChimmyFallon,#PCAs,12
#ThankyouChimmyFallon,#BTSWEEK,30
#ThankyouChimmyFallon,#TheNighttimeTalkShow,10
#ThankyouChimmyFallon,#BTSWEEK_D5,2
#ThankyouChimmyFallon,#TonightShow,10
#TonightShow,#BTSonFallon_D5,22
#TonightShow,#ARMY,1
#TonightShow,#BTSMONTH,8
#TonightShow,#BTS,12
#TonightShow,#BTSWEEK_D5,1
#TonightShow,#BTSWEEK,40
#TonightShow,#TheNighttimeTalkShow,756
#TonightShow,#ThankYouChimmyFallon,5
#TonightShow,#PCAs,628
#TonightShow,#BTSARMY,1
@GlobalBlackPink,@BLACKPINK,2462
@GlobalBlackPink,@selenagomez,1062
@GlobalBlackPink,#PCAs,1781
#ARMY,#BTSonFallon_D5,6
#ARMY,#BTSonFallon_D4,5
#ARMY,#BTS,74
#ARMY,#TheGroup,21
#ARMY,#TrumpHasCovid,5
#ARMY,#TheSong,10
#ARMY,#PCAs,38
#ARMY,#TheMusicVideo,6
#ARMY,#BTSWEEK,11
#ARMY,#BTSARMY,8
#BTSonFallon_D5,#TrumpHasCovid,24
#BTSonFallon_D5,#TheGroup,57
#BTSonFallon_D5,#PCAs,140
#BTSonFallon_D5,#BTS,100
#BTSonFallon_D5,#BTSMONTH,290
#BTSonFallon_D5,#BTSWEEK,719
#BTSonFallon_D5,#TheNighttimeTalkShow,16
#BTSonFallon_D5,#ThankYouChimmyFallon,65
#BTSonFallon_D5,#BTSWEEK_D5,20
#BTSonFallon_D5,#TheSong,39
#BTSonFallon_D5,#방탄소년단,5
#BTSonFallon_D5,#BTSonFallon,1
#BTSonFallon_D5,#BTSARMY,16
#BTSonFallon_D4,#TrumpHasCovid,11
#BTSonFallon_D4,#BTS,10
#BTSonFallon_D4,#BTSWEEK,371
#BTSonFallon_D4,#방탄소년단,4
#BTSonFallon_D4,#PCAs,5
#BTSonFallon_D3,#BTSWEEK,12
#BTSonFallon_D3,#BTS,1
#BTSonFallon_D3,#BTSARMY,1
#BTSonFallon_D3,#BTSMONTH,1
#TheNighttimeTalkShow,#BTSMONTH,15
#TheNighttimeTalkShow,#BTS,11
#TheNighttimeTalkShow,#BTSWEEK,45
#TheNighttimeTalkShow,#PCAs,651
#TheNighttimeTalkShow,#ThankYouChimmyFallon,5
#TheNighttimeTalkShow,#BTSARMY,3
@jeonbubbles,@BTS_twt,2246
@jeonbubbles,#PCAs,1559
#TheGroup,#TheSong,688
#TheGroup,#TheAlbum,273
#TheGroup,#BTS,12640
#TheGroup,#TheMusicVideo,1476
#TheGroup,#BTSMONTH,51
#TheGroup,#BTSWEEK,292
#TheGroup,#ThankYouChimmyFallon,13
#TheGroup,#PCAs,9238
#TheGroup,#방탄소년단,13
#TheGroup,#BTSonFallon,3
#TheGroup,#BTSWEEK_D5,6
#TheGroup,#BTSARMY,6
#TheSong,#BTSWEEK,41
#TheSong,#TheAlbum,185
#TheSong,#BTSMONTH,38
#TheSong,#BTS,881
#TheSong,#BTSWEEK_D5,3
#TheSong,#TrumpHasCovid,14
#TheSong,#방탄소년단,4
#TheSong,#TheMusicVideo,286
#TheSong,#PCAs,13317
@selenagomez,@chartsblackpink,1458
@selenagomez,@normalpeople,1266
@selenagomez,@BLACKPINK,18738
@selenagomez,@peopleschoice,257
@selenagomez,@bpbillboard,1326
@selenagomez,#PCAs,12390
@BagelBites,@BTS_twt,2580
@BagelBites,#PCAs,2360
@btsvotingorg,@BTS_twt,16399
@btsvotingorg,#PCAs,18228
@V0TEWITHARMY,@BTS_twt,3177
@V0TEWITHARMY,#PCAs,1831
#ThankYouChimmyFallon,#BTSWEEK,53
#ThankYouChimmyFallon,#BTS,18
#ThankYouChimmyFallon,#BTSMONTH,55
#ThankYouChimmyFallon,#PCAs,23
#ThankYouChimmyFallon,#TrumpHasCovid,5
#ThankYouChimmyFallon,#BTSonFallon,1
#TheMusicVideo,#BTSWEEK,10
#TheMusicVideo,#TheAlbum,180
#TheMusicVideo,#BTSMONTH,9
#TheMusicVideo,#BTS,396
#TheMusicVideo,#PCAs,12901
#TheMusicVideo,#BTSARMY,5
@BillboardBTS20,#PCAs,1573
@BillboardBTS20,@BTS_twt,507
#TrumpHasCovid,#BTSMONTH,17
#TrumpHasCovid,#BTSWEEK,10
@chartsblackpink,@BLACKPINK,3315
@chartsblackpink,#PCAs,2336
@normalpeople,@BLACKPINK,46
@normalpeople,#PCAs,1292
@normalpeople,@bpbillboard,4
@normalpeople,@peopleschoice,127
#BTSMONTH,#PCAs,122
#BTSMONTH,#BTS,74
#BTSMONTH,#BTSonFallon,3
#BTSMONTH,#BTSWEEK_D5,17
#BTSMONTH,#방탄소년단,5
#BTSMONTH,#BTSWEEK,333
#BTSMONTH,#BTSARMY,9
@steinfeldjaguar,#PCAs,1233
@BLACKPINK,@bpbillboard,2448
@BLACKPINK,@peopleschoice,131
@BLACKPINK,#PCAs,24492
#BTSWEEK,#방탄소년단,14
#BTSWEEK,#PCAs,407
#BTSWEEK,#BTSARMY,26
#BTSWEEK,#TheAlbum,10
#BTSWEEK,#BTSonFallon,34
#BTSWEEK,#BTS,692
#BTSWEEK,#BTSWEEK_D5,21
@chartsontaylor,@taylorswift13,3240
@chartsontaylor,#PCAs,2571
@chartsontaylor,@taylornation13,21
@taylornation13,@taylorswift13,1259
@taylornation13,#PCAs,2240
@taylornation13,@peopleschoice,530
#방탄소년단,#TheAlbum,11
#방탄소년단,#BTS,96
#방탄소년단,#PCAs,33
#방탄소년단,#BTSARMY,4
@TSwiftNewsLA,@taylorswift13,446
@TSwiftNewsLA,#PCAs,1264
#PCAs,#BTSARMY,17
#PCAs,#TheAlbum,11370
#PCAs,@bpbillboard,1783
#PCAs,#BTSonFallon,3
#PCAs,#BTS,12633
#PCAs,@BTS_twt,21822
#PCAs,@ibighitfess,1578
#PCAs,@eonlineFR,2750
#PCAs,@taylorswift13,10258
#PCAs,@peopleschoice,3475
#PCAs,#BTSWEEK_D5,10
#BTSARMY,#BTS,97
#BTSARMY,#BTSWEEK_D5,3
#TheAlbum,#BTS,1435
#BTSonFallon,#BTS,25
#BTS,#BTSWEEK_D5,10
@BTS_twt,@ibighitfess,1611
@BTS_twt,@peopleschoice,699
@taylorswift13,@peopleschoice,1262
