#GlobalDigitalArtistRank,#BTS,9303
#방탄소년단,#BTS,9645
#방탄소년단,#BTSDynamite,3
#방탄소년단,#Jin,11
#방탄소년단,#iHeartFestival2020,7
#방탄소년단,#BTS_Dynamite,37
#방탄소년단,#Dynamite,27
#방탄소년단,#Lab訳,507
#방탄소년단,#BTSARMY,177
#Army,#BTS,820
#Army,#iHeartFestival2020,7
#Suga,#BTS,794
#Suga,#Jin,311
#Suga,#iHeartFestival2020,1490
#Suga,#BTS_Dynamite,286
#Suga,#BTSARMY,287
#Suga,#Artistoftheyear,593
#Suga,#LouisTomlinson,284
#Suga,#Jhope,317
#LouisTomlinson,#BTS,1013
#LouisTomlinson,#Jin,284
#LouisTomlinson,#ArtistoftheSummer2020,1
#LouisTomlinson,#BTS_Dynamite,284
#LouisTomlinson,#Artistoftheyear,1849
#LouisTomlinson,#BTSARMY,523
#LouisTomlinson,#Jhope,284
#BTS,#BTSDynamite,4446
#BTS,#Jin,1102
#BTS,#AGT,1923
#BTS,#Dynamite,11986
#BTS,#TheWeeknd,5859
#BTS,#BigHit,842
#BTS,#BTS_Dynamite,9705
#BTS,#Jhope,1030
#BTS,#IU,7550
#BTS,#Artistoftheyear,6361
#BTS,#iHeartFestival2020,19453
#BTS,#Lab訳,1519
#BTS,#ArtistoftheSummer2020,992
#BTS,#BTSARMY,6272
#BTS,#ArianaGrande,5654
#BTSDynamite,#BTS_Dynamite,4198
#BTSDynamite,#BTSARMY,8
#BTSDynamite,#Dynamite,3442
#Jin,#BTS_Dynamite,284
#Jin,#Jhope,407
#Jin,#Artistoftheyear,406
#Jin,#BTSARMY,287
#AGT,#iHeartFestival2020,1
#AGT,#Dynamite,3
#Dynamite,#iHeartFestival2020,107
#Dynamite,#TheWeeknd,18
#Dynamite,#BTS_Dynamite,5350
#Dynamite,#BTSARMY,77
#TheWeeknd,#Artistoftheyear,5645
#TheWeeknd,#ArianaGrande,5653
#BTS_Dynamite,#Jhope,284
#BTS_Dynamite,#Artistoftheyear,575
#BTS_Dynamite,#iHeartFestival2020,33
#BTS_Dynamite,#BTSARMY,1252
#ArianaGrande,#Artistoftheyear,5660
#BTSARMY,#Artistoftheyear,620
#BTSARMY,#iHeartFestival2020,39
#BTSARMY,#Jhope,285
#Artistoftheyear,#Jhope,548
