#JantarMantar,#SSR,3
#JantarMantar,#HathrasTapes,3
#JantarMantar,#JusticeForSSR,4
#JantarMantar,#Delhi,4
#JantarMantar,#HathrasCase,58
#JantarMantar,#HungerStrike4SSR,78
#JantarMantar,#SSRWarriors,2
#JantarMantar,#Revolution4SSR,1
#BTSonFallon_D4,#슈가,1
#BTSonFallon_D4,#BTSWEEK,114
#BTSonFallon_D4,#BTS,1
#BTSonFallon_D4,#SUGA,1
#HathrasTapes,#SSR,1
#HathrasTapes,#HungerStrike4SSR,6
#HathrasTapes,#Delhi,5
#HathrasTapes,#DishaSalian,1
#HathrasTapes,#HathrasCase,52
#BTS2020,#BTSWEEK,1
#BTS2020,#TGIF2020,1
#BTS2020,#BTSMONTH,1
#Dynamite,#BTS,1
#Dynamite,#BTSWEEK,4
#Justice4SSRIsGlobalDemand,#SSR,1
#Justice4SSRIsGlobalDemand,#SushantSingRajputDeathCase,1
#Justice4SSRIsGlobalDemand,#JusticeForSSR,1
#Justice4SSRIsGlobalDemand,#HungerStrike4SSR,5
#Justice4SSRIsGlobalDemand,#SSRAIIMSReport,1
#Justice4SSRIsGlobalDemand,#Revolution4SSR,1
#Revolution4SSR,#SSR,1
#Revolution4SSR,#SushantSingRajputDeathCase,1
#Revolution4SSR,#JusticeForSSR,11
#Revolution4SSR,#HungerStrike4SSR,78
#Revolution4SSR,#SSRAIIMSReport,1
#SSR,#HathrasCase,1
#SSR,#BollywoodMafia,2
#SSR,#JusticeForSSR,7
#SSR,#SunandaTharoor,1
#SSR,#Delhi,2
#SSR,#Rhea,2
#SSR,#Angular,1
#SSR,#DishaSalian,5
#SSR,#HungerStrike4SSR,10
#SSR,#SushantSingRajputDeathCase,1
#SSR,#SSRWarriors,2
#SSR,#SSRAIIMSReport,1
#SSR,#RheaChakraborty,2
#SSR,#CBI,3
#TGIF2020,#BTSWEEK,1
#TGIF2020,#BTSMONTH,1
#BollywoodMafia,#HungerStrike4SSR,1
#BollywoodMafia,#Rhea,1
#BollywoodMafia,#RheaChakraborty,1
#BTSonFallon_D3,#BTSWEEK,1
#BTSMONTH,#BTSWEEK,1
#DishaSalian,#HathrasCase,8
#DishaSalian,#SunandaTharoor,1
#DishaSalian,#JusticeForSSR,1
#JUNGKOOK,#BTS,1
#JUNGKOOK,#BTSWEEK,1
#JUNGKOOK,#SUGA,1
#JusticeForSSR,#Delhi,2
#JusticeForSSR,#HungerStrike4SSR,38
#JusticeForSSR,#SSRWarriors,2
#JusticeForSSR,#CBI,1
#⃝데일리꾸,#BTSWEEK,1
#Delhi,#HathrasCase,19
#Delhi,#SSRWarriors,2
#BTSWEEK,#슈가,1
#BTSWEEK,#SUGA,1
#BTSWEEK,#BTS,1
#RheaChakraborty,#Rhea,1
#RheaChakraborty,#HungerStrike4SSR,1
#슈가,#SUGA,1
#SushantSingRajputDeathCase,#HungerStrike4SSR,1
#SushantSingRajputDeathCase,#SSRAIIMSReport,1
#SUGA,#BTS,2
#CBI,#HathrasCase,1
#CBI,#Rhea,4
#Rhea,#HungerStrike4SSR,1
#HungerStrike4SSR,#SSRWarriors,1
#HungerStrike4SSR,#SSRAIIMSReport,1
