#TrumpHasCovid,#MAGA,41
#TrumpHasCovid,#Debates2020,11
#TrumpHasCovid,#LakersWin,44
#TrumpHasCovid,#COVID,82
#TrumpHasCovid,#CovidCaughtTrump,185
#TrumpHasCovid,#ForKobe,42
#TrumpHasCovid,#NBAFinals,60
#TrumpHasCovid,#coronavirus,136
#TrumpHasCovid,#NBA,44
#TrumpHasCovid,#amazon,75
#TrumpHasCovid,#COVID19,600
#TrumpHasCovid,#25thAmendment,3
#TrumpHasCovid,#DonaldTrump,90
#TrumpHasCovid,#Lakers,43
#TrumpHasCovid,#Trump,767
#TrumpHasCovid,#MelaniaTrump,15
#TrumpHasCovid,#SARSCoV2,7
#TrumpHasCovid,#VOTE,81
#TrumpHasCovid,#LakersNation,41
#TrumpHasCovid,#LakeShow,62
#TrumpHasCovid,#BidenHarris2020,146
#TrumpHasCovid,#WearAMask,84
#TrumpHasCovid,#Trump2020,110
#TrumpHasCovid,#HeatTwitter,42
#TrumpHasCovid,#TrumpCovid,380
#JantarMantar,#SSR,4
#JantarMantar,#WorldMovement4SSR,63
#JantarMantar,#JusticeForSSR,6
#JantarMantar,#Delhi,5
#JantarMantar,#Hathras,12
#JantarMantar,#HungerStrike4SSR,91
#JantarMantar,#SSRWarriors,3
#JantarMantar,#302ForSSRKillers,5
#JantarMantar,#Revolution4SSR,8
#MAGA,#COVID19,39
#MAGA,#Debates2020,4
#MAGA,#Trump2020,35
#MAGA,#Trump,45
#MAGA,#TrumpCovid,8
#Debates2020,#COVID19,45
#Debates2020,#BidenHarris2020,5
#Debates2020,#coronavirus,2
#Debates2020,#Trump,4
#LakersWin,#NBA,42
#LakersWin,#amazon,41
#LakersWin,#VOTE,41
#LakersWin,#LakersNation,41
#LakersWin,#COVID19,42
#LakersWin,#COVID,2
#LakersWin,#BidenHarris2020,41
#LakersWin,#Trump2020,41
#LakersWin,#Lakers,43
#LakersWin,#LakeShow,41
#LakersWin,#ForKobe,41
#LakersWin,#HeatTwitter,41
#LakersWin,#TrumpCovid,1
#LakersWin,#NBAFinals,43
#LakersWin,#Trump,42
#Hathras,#SSR,3
#Hathras,#ArrestDishaSSRKillers,1
#CovidCaughtTrump,#MelaniaTrump,3
#CovidCaughtTrump,#amazon,6
#CovidCaughtTrump,#25thAmendment,1
#CovidCaughtTrump,#COVID19,77
#CovidCaughtTrump,#WearAMask,53
#CovidCaughtTrump,#COVID,21
#CovidCaughtTrump,#BidenHarris2020,9
#CovidCaughtTrump,#Trump,81
#CovidCaughtTrump,#NBAFinals,6
#CovidCaughtTrump,#coronavirus,11
#CovidCaughtTrump,#TrumpCovid,23
#SushantWasMurdered,#HungerStrike4SSR,2
#SushantWasMurdered,#CBIFile302InSSRCase,1
#SushantWasMurdered,#SSR,2
#SushantWasMurdered,#Revolution4SSR,2
#SushantWasMurdered,#SushantSinghRajput,2
#ForKobe,#NBA,42
#ForKobe,#amazon,42
#ForKobe,#VOTE,42
#ForKobe,#LakersNation,41
#ForKobe,#BidenHarris2020,42
#ForKobe,#COVID,2
#ForKobe,#COVID19,42
#ForKobe,#Trump2020,42
#ForKobe,#LakeShow,42
#ForKobe,#Lakers,42
#ForKobe,#HeatTwitter,42
#ForKobe,#NBAFinals,42
#ForKobe,#Trump,42
#Revolution4SSR,#ArrestSSRKillersNow,9
#Revolution4SSR,#SSR,14
#Revolution4SSR,#WorldMovement4SSR,21
#Revolution4SSR,#CBIFile302InSSRCase,11
#Revolution4SSR,#JusticeForSSR,42
#Revolution4SSR,#HungerStrike4SSR,200
#Revolution4SSR,#SushantSinghRajputCase,2
#Revolution4SSR,#SSRWarriors,6
#Revolution4SSR,#302ForSSRKillers,67
#Revolution4SSR,#SushantSinghRajput,5
#Revolution4SSR,#ArrestDishaSSRKillers,2
#Revolution4SSR,#JusticeForSushantSinghRajput,148
#Revolution4SSR,#SSRAIIMSReport,3
#coronavirus,#MelaniaTrump,7
#coronavirus,#SARSCoV2,7
#coronavirus,#COVID19,166
#coronavirus,#WearAMask,6
#coronavirus,#DonaldTrump,32
#coronavirus,#COVID,19
#coronavirus,#BidenHarris2020,7
#coronavirus,#Trump,77
#coronavirus,#TrumpCovid,26
#NBA,#amazon,42
#NBA,#VOTE,43
#NBA,#LakersNation,41
#NBA,#BidenHarris2020,42
#NBA,#COVID,2
#NBA,#COVID19,42
#NBA,#Trump2020,43
#NBA,#LakeShow,46
#NBA,#Lakers,45
#NBA,#HeatTwitter,43
#NBA,#NBAFinals,58
#NBA,#Trump,43
#SSR,#NoJusice2SSRnoVote2BJP,5
#SSR,#DishaSalian,6
#SSR,#302ForSSRKillers,4
#SSR,#CBI,4
#SSR,#HaramkhorSHAVsenaDieNASTY,3
#SSR,#ArrestSSRKillersNow,2
#SSR,#JusticeForSushantSinghRajput,5
#SSR,#JusticeForSSR,17
#SSR,#Delhi,3
#SSR,#AIIMS,3
#SSR,#SushantSinghRajputCase,3
#SSR,#WorldMovement4SSR,3
#SSR,#CBIFile302InSSRCase,3
#SSR,#Rhea,106
#SSR,#HungerStrike4SSR,15
#SSR,#KillerPedophilePenguinPilla,3
#SSR,#SSRWarriors,5
#SSR,#SSRAIIMSReport,4
#SSR,#SushantSinghRajput,5
#SSR,#Galwan,10
#SSR,#ArrestDishaSSRKillers,2
#amazon,#Trump2020,56
#amazon,#VOTE,49
#amazon,#LakersNation,41
#amazon,#BidenHarris2020,52
#amazon,#COVID,8
#amazon,#COVID19,55
#amazon,#LakeShow,59
#amazon,#Lakers,42
#amazon,#HeatTwitter,42
#amazon,#NBAFinals,56
#amazon,#Trump,53
#NoJusice2SSRnoVote2BJP,#302ForSSRKillers,4
#COVID19,#COVID,61
#COVID19,#NBAFinals,53
#COVID19,#25thAmendment,67
#COVID19,#DonaldTrump,106
#COVID19,#Lakers,42
#COVID19,#Trump,326
#COVID19,#MelaniaTrump,43
#COVID19,#SARSCoV2,37
#COVID19,#VOTE,58
#COVID19,#LakersNation,41
#COVID19,#LakeShow,52
#COVID19,#BidenHarris2020,69
#COVID19,#WearAMask,53
#COVID19,#Trump2020,62
#COVID19,#HeatTwitter,42
#COVID19,#TrumpCovid,72
#LakersNation,#VOTE,41
#LakersNation,#COVID,2
#LakersNation,#BidenHarris2020,41
#LakersNation,#Trump2020,41
#LakersNation,#Lakers,41
#LakersNation,#LakeShow,41
#LakersNation,#HeatTwitter,41
#LakersNation,#NBAFinals,41
#LakersNation,#Trump,41
#DonaldTrump,#MelaniaTrump,15
#DonaldTrump,#Trump,80
#DonaldTrump,#TrumpCovid,35
#NBAFinals,#Trump2020,56
#NBAFinals,#VOTE,49
#NBAFinals,#BidenHarris2020,52
#NBAFinals,#COVID,8
#NBAFinals,#LakeShow,92
#NBAFinals,#Lakers,56
#NBAFinals,#HeatTwitter,46
#NBAFinals,#Trump,55
#NBAFinals,#TrumpCovid,18
#DishaSalian,#JusticeForSSR,1
#Lakers,#VOTE,42
#Lakers,#COVID,2
#Lakers,#BidenHarris2020,42
#Lakers,#Trump2020,42
#Lakers,#LakeShow,48
#Lakers,#HeatTwitter,44
#Lakers,#Trump,42
#302ForSSRKillers,#ArrestSSRKillersNow,7
#302ForSSRKillers,#WorldMovement4SSR,8
#302ForSSRKillers,#JusticeForSSR,23
#302ForSSRKillers,#HungerStrike4SSR,61
#302ForSSRKillers,#JusticeForSushantSinghRajput,12
#302ForSSRKillers,#SSRWarriors,3
#302ForSSRKillers,#SSRAIIMSReport,4
#302ForSSRKillers,#CBI,11
#302ForSSRKillers,#ArrestDishaSSRKillers,1
#302ForSSRKillers,#AIIMS,4
#CBI,#JusticeForSSR,3
#CBI,#Rhea,5
#CBI,#HungerStrike4SSR,2
#CBI,#SushantSinghRajputCase,2
#CBI,#SushantSinghRajput,7
#CBI,#AIIMS,13
#HaramkhorSHAVsenaDieNASTY,#KillerPedophilePenguinPilla,3
#TrumpCovid,#MelaniaTrump,4
#TrumpCovid,#Trump2020,9
#TrumpCovid,#WearAMask,9
#TrumpCovid,#COVID,8
#TrumpCovid,#Trump,94
#ArrestSSRKillersNow,#JusticeForSushantSinghRajput,8
#ArrestSSRKillersNow,#CBIFile302InSSRCase,4
#ArrestSSRKillersNow,#JusticeForSSR,3
#ArrestSSRKillersNow,#HungerStrike4SSR,5
#ArrestSSRKillersNow,#SSRWarriors,1
#ArrestSSRKillersNow,#SSRAIIMSReport,3
#ArrestSSRKillersNow,#SushantSinghRajput,4
#MelaniaTrump,#COVID,2
#MelaniaTrump,#Trump,10
#JusticeForSushantSinghRajput,#WorldMovement4SSR,3
#JusticeForSushantSinghRajput,#JusticeForSSR,10
#JusticeForSushantSinghRajput,#HungerStrike4SSR,16
#JusticeForSushantSinghRajput,#ArrestDishaSSRKillers,1
#SARSCoV2,#Trump,1
#VOTE,#WearAMask,6
#VOTE,#COVID,10
#VOTE,#BidenHarris2020,69
#VOTE,#Trump2020,51
#VOTE,#LakeShow,49
#VOTE,#HeatTwitter,42
#VOTE,#Trump,55
#JusticeForSSR,#WorldMovement4SSR,6
#JusticeForSSR,#CBIFile302InSSRCase,5
#JusticeForSSR,#Delhi,3
#JusticeForSSR,#HungerStrike4SSR,56
#JusticeForSSR,#SSRWarriors,4
#JusticeForSSR,#SushantSinghRajput,5
#JusticeForSSR,#ArrestDishaSSRKillers,1
#JusticeForSSR,#AIIMS,5
#Delhi,#SSRWarriors,3
#SushantSinghRajputCase,#SSRAIIMSReport,81
#SushantSinghRajputCase,#SushantSinghRajput,3
#SushantSinghRajputCase,#AIIMS,103
#LakeShow,#COVID,8
#LakeShow,#BidenHarris2020,52
#LakeShow,#Trump2020,56
#LakeShow,#HeatTwitter,45
#LakeShow,#Trump,59
#AIIMS,#HungerStrike4SSR,1
#AIIMS,#SSRAIIMSReport,101
#AIIMS,#SushantSinghRajput,38
#COVID,#Trump2020,12
#COVID,#WearAMask,6
#COVID,#BidenHarris2020,10
#COVID,#HeatTwitter,2
#COVID,#Trump,53
#ArrestDishaSSRKillers,#CBIFile302InSSRCase,1
#ArrestDishaSSRKillers,#HungerStrike4SSR,1
#WorldMovement4SSR,#CBIFile302InSSRCase,5
#WorldMovement4SSR,#HungerStrike4SSR,320
#WorldMovement4SSR,#SSRAIIMSReport,1
#CBIFile302InSSRCase,#HungerStrike4SSR,15
#CBIFile302InSSRCase,#SSRWarriors,1
#CBIFile302InSSRCase,#SushantSinghRajput,4
#CBIFile302InSSRCase,#SSRAIIMSReport,3
#BidenHarris2020,#Trump2020,66
#BidenHarris2020,#WearAMask,14
#BidenHarris2020,#HeatTwitter,42
#BidenHarris2020,#Trump,81
#WearAMask,#Trump,24
#Rhea,#HungerStrike4SSR,1
#HungerStrike4SSR,#SushantSinghRajput,8
#HungerStrike4SSR,#SSRAIIMSReport,2
#Trump2020,#HeatTwitter,42
#Trump2020,#Trump,90
#SSRWarriors,#SSRAIIMSReport,1
#SSRAIIMSReport,#SushantSinghRajput,3
#HeatTwitter,#Trump,42
